damageType,peakAmplitude,energy,durationMs,riseTimeMs,dominantFrequencyHz,temperatureC,humidityPct,logEnergy,energyPerDuration,riseRatio,freqXRise,tempXHumidity
1,76.7358917875956,2.48547566696216,1.9809181277954586,0.259622698552581,295.1302267829093,28.40789938223987,56.077152461755276,1.2486045247012298,1.254708931220806,0.1310618015503307,76.62250590181414,1593.0341047760687
3,59.09343416977694,5.04680968782464,4.847871440480399,0.9351389943776995,433.3419529706306,31.626721091063636,50.827115334098174,1.7995308086318744,1.041036205226706,0.19289682200917277,405.2349581226239,1607.4950005348467
3,74.52148937310724,7.2721870537854,4.928053830783686,1.6949963592490012,119.03297078004957,17.698708787394406,67.24782665749188,2.112898930395488,1.475671188565109,0.34394842618418675,201.76045210277675,1190.1997005961273
3,67.08792555053027,1.288890660525208,3.627220184846347,0.4572077824723475,497.9414825038005,26.57843269449023,40.17248302160177,0.828067272474884,0.355338412018626,0.12604908419468208,227.66272101655585,1067.721636160194
1,42.78788508632519,6.787949974177728,1.6966143070493516,1.949215480773517,193.6226301799478,20.9670281055385,35.406230450765825,2.052577664040135,4.000879838142422,1.1488854436005989,377.4122281748398,742.3634289723801
3,80.52050455506665,8.976139852446492,2.1987758913555364,1.3373894371344512,216.47590819950494,37.35530836064885,64.78623991142034,2.3001962271694567,4.082335033659451,0.608242723777527,289.51259302010504,2420.109969418082
3,53.51854857792878,1.8800363704587144,4.914242845083796,0.6997186851355889,444.86252255104444,19.230582284657764,49.2613190644236,1.0578029226996122,0.38256887779558985,0.14238585824784522,311.27861934551805,947.3238497191783
1,60.500636865281436,2.723157432662466,1.2155368193483953,0.6184244193155931,111.02014173524194,15.53843318274311,28.22151800135892,1.3145720805026995,2.2402920169232314,0.5087665050303517,68.65756668495183,438.51817177969747
1,84.10343395306819,3.418837089667379,4.538512311399891,1.273893016744537,454.34812916717743,19.49573348011277,74.56635509536858,1.4858765595870254,0.7532946602524141,0.28068515172796976,578.7909089170122,1453.7257855227544
1,57.20794422539156,3.117070433804246,3.1855975966456485,0.42791902009397986,313.67300200472135,24.116349265847205,47.410532337797264,1.4151418506822928,0.9784884434513763,0.13432927641098408,134.22664364779735,1143.3689567380623
1,55.40074429782726,9.200269752755766,3.7454949064877248,0.33863383854292367,233.1008873669397,16.046287926245462,41.756732343919076,2.3224141662891316,2.4563562312738974,0.09041097291478414,78.93584825682849,670.040550049692
1,74.40052305487671,9.541852873440085,3.983918900972006,1.2729193709763027,240.86466369744858,16.92908357016708,34.513020182291505,2.3553533221072147,2.395092146858723,0.3195143783337891,306.60129620417496,584.273802924876
3,84.06862241614479,3.53599219487196,1.709305459619199,0.7457285094256607,122.30769198984177,26.383726868332268,30.063186451948297,1.5120438457167307,2.068671912894792,0.43627574300955835,91.20833283887752,793.1789001399509
1,66.85193309625002,4.962898130964696,2.2884800848610403,0.5231161855232889,222.35247465868366,35.33658013908603,40.01164226022186,1.785556626474114,2.1686437927931763,0.22858673273315955,116.31617838511436,1413.8746032247711
1,67.63684855644004,7.280816367358323,1.2427888876984317,0.9630448252942585,275.1741285687416,28.918840453831702,34.83254474640745,2.113941558628577,5.858449845686942,0.7749062087912277,265.0050205729836,1007.3168041223107
1,49.228748464873945,2.642052846172749,3.2698828358695686,1.6719182016911962,301.2770673106219,17.09535217106305,64.95131702213571,1.2925474914068298,0.8079961817562007,0.5113082901169389,503.7106125887724,1110.365638467772
3,52.89850467916085,1.5894436604832616,4.703645623840651,0.7810809462657899,152.68112259903432,15.364149312639785,39.32258621389914,0.9514430497357832,0.33791739165618495,0.16605862956742407,119.25631571657682,604.1580859494973
1,42.30598814815044,0.12063944885682693,2.2425961905971548,0.9146132393132381,171.73803169761123,37.23199823500859,43.0641398024961,0.11389945886409043,0.05379454819492191,0.4078367934218672,157.0738774842318,1603.363977118698
3,71.33673328826711,9.340447502489852,2.248843829098287,1.8336389881630828,348.56986264833347,38.37534392461126,62.535950748420426,2.336063146914563,4.153444263950987,0.8153696421410963,639.1512902506349,2399.8386176231847
1,77.4079172708667,9.063082040337179,1.0898981885140553,1.305677894168556,380.2080187244843,27.42096447032559,37.52621855725414,2.3088734835898483,8.315530877882821,1.1979815251814396,496.4292052341836,1029.0051057641385
1,80.9518776664298,2.5887585568328233,3.7331966233152474,1.710980925833121,154.60611041373093,18.148278615494522,74.55994777780523,1.2778063367993915,0.6934428635944411,0.4583152452103347,264.52810593514306,1353.134705828331
3,70.82509933210966,1.1244177794673342,3.87682583574458,1.375188355855909,462.5493516491113,23.845573263004255,34.224381907606755,0.7534977787023032,0.2900356701867107,0.35472017937369926,636.0924823965581,816.1000061588742
3,43.90299650565189,5.933208812899118,1.976479809649812,0.18590039194127847,230.78901651871556,27.928632222951393,40.73733803876593,1.9363227381998738,3.0019071198862135,0.09405630709388114,42.90376862657141,1137.7381318267417
3,48.97744475906762,3.510032977778243,3.1603729682554946,0.7210481180189011,148.12485541819726,29.930305137800804,59.2662119409374,1.5063044656338054,1.1106388432741716,0.2281528557741446,106.80514823111297,1773.85580775383
3,41.01568321079856,7.4226547036806,0.6328783088183635,1.9972807043014666,186.39661574215353,21.096236583422062,46.89792054166175,2.1309250640349706,11.728407499917818,3.1558684765647222,372.28636396889823,989.3696270174256
3,53.591979146755776,8.199177944725417,2.8199365330571218,0.7936734464523961,173.71838773675617,23.775338621116422,74.90781376124906,2.2191141262285092,2.907575347391455,0.28145081889200063,137.87567150718493,1780.958637541221
1,66.80156360943234,1.1452931581466237,0.930890016712498,0.4187441228029457,263.82187457001476,27.55071186780826,73.51156639612205,0.7632762135060497,1.2303205938240749,0.4498320051618657,110.4738594430496,2025.2959847308146
3,57.812702255518964,6.9845326310982925,4.171887601701861,1.0700043888708204,434.8524881540366,39.811423400856725,32.671932676974166,2.0775062490959058,1.6741900304910071,0.2564796780321521,465.2940708362156,1300.7161451273048
3,77.91363362236791,3.8452045659093703,1.9722461378215577,0.15265120082064818,208.15200699230587,37.19093047548924,59.15299393096777,1.5779894665173206,1.9496575463732873,0.0773996703014254,31.774653820603447,2199.954884703659
1,68.1573806532796,0.5108605046318019,4.10395755785817,1.9745714672084052,469.22034572351447,37.61974374620839,79.76846701626508,0.4126793591293228,0.1244799677944079,0.48113837420846084,926.5091064993151,3000.869288179769
3,74.04212415369166,7.499341884831455,4.923226820627941,1.7813134218331637,260.5119272753574,17.353527281241497,72.43777322208284,2.13998873518483,1.5232574403051653,0.3618182721888006,464.05339260321915,1257.0508738017993
1,82.52986369307894,1.4460115323748237,3.017997505882517,0.8772782835835675,282.3468817110919,22.460300345166885,35.0657563976048,0.8944587520432461,0.4791294656660042,0.2906822427366571,247.69678776267926,787.587420520661
1,41.62461528890115,4.372903851869048,4.589619933161024,0.6833609298381009,460.43474785628524,35.46787524783234,54.90395874475661,1.681368516903723,0.9527812576099921,0.1488927056684294,314.6431174248426,1947.3267593711607
3,87.01034027781694,7.687937475395491,1.8965109072249897,1.5193755642224154,258.4851681321803,38.00461238961119,24.617848433985525,2.161935566503102,4.053727002627485,0.8011425394044236,392.7360481739574,935.5917875998167
3,58.92815309226326,1.6875976881426236,3.5266172422909277,0.7949934805470125,370.43766336246216,29.334944166306514,50.166584437906735,0.9886477418694946,0.47853157068056024,0.22542664143233654,294.49552732222634,1471.6339535002953
1,87.87203673726111,8.737471692547524,2.1017567262183965,0.20208533100077902,371.8455067809279,15.33106959889076,77.50089839441551,2.275981504137188,4.157223137935899,0.09615067646976573,75.14452231897624,1188.1716672613454
3,72.16896288032387,6.487044401448972,0.6528946986219424,0.7434754144264382,327.88834942283665,28.664225691062725,76.09089593825055,2.0131741137036454,9.935820301713438,1.1387370980277272,243.77692647274424,2181.086614209182
3,55.18237011271912,7.880773593677096,3.5558955812196924,0.3722565301131239,456.79392474349225,29.48196965860801,78.93855201731154,2.1838886696147433,2.2162556277802583,0.10468713763114432,170.04452140176787,2327.263995468829
1,51.47675008990698,5.686668030500074,3.3753083652568883,0.6085248090867863,419.3105137437776,25.887825565381007,69.73456616808525,1.9001156978287808,1.6847847411616486,0.18028717475135717,255.16085032401455,1805.276284836911
1,44.41438278842048,1.1859408876907132,1.8682347016979297,1.8664709377844013,387.5284066462943,20.15596196408647,39.931727995662115,0.7820463480761499,0.6347922381555596,0.9990559195202159,723.3105085712037,804.8623906408124
1,84.54869285524285,1.072343546289597,4.042951894572591,1.3039977981342836,195.79093107503263,28.883056256873857,73.45872235586285,0.7286801148470614,0.2652377703848396,0.32253606576047045,255.31094301650384,2121.7124103624637
3,58.647038246225506,3.2854239439794473,0.7559824501705612,1.4024931675021195,372.37081757697706,24.17159717533295,67.16610371319567,1.455219483907155,4.34589975367577,1.8551927590193338,522.2475274288885,1623.5120027920002
1,73.5441153737248,7.537557729489073,2.2997357395609486,0.23388014902557458,181.42240175612358,20.304626304114272,72.30175815392445,2.144474986746852,3.277575592632264,0.10169870607404029,42.431098359299845,1468.060180445883
1,81.16105918345491,3.190917639433109,3.0929849784109913,1.3706456160214864,361.2282644972,31.10579626411348,51.22787743432281,1.432919716980117,1.031662831118058,0.4431465479427094,495.11593711613705,1593.4839185150215
1,58.744517186345675,1.809744707196315,2.646094544127612,0.40238162379809217,375.502683378385,33.51450261628693,61.91607476615198,1.0330936276868437,0.6839304783015483,0.15206623084994603,151.09537947833542,2075.0864497404177
3,78.65602271298337,6.368167714711224,3.2559311906935036,1.4519950568572113,180.57078783238762,33.22787970385634,64.7356947537008,1.9971690612768986,1.9558667986944847,0.4459538521598611,262.1878913454391,2151.029877821534
3,61.85757393919113,5.008577465516144,0.6491483353255392,0.3810111475800394,213.49297698146484,29.42466679441135,67.70419810623783,1.7931880259408708,7.7156132011097425,0.586940036423212,81.34320415998685,1992.173469858864
1,64.36848910705581,7.55043791688957,3.625454851864501,1.7267857513466958,197.55016730521015,35.29458281442117,33.35644967915755,2.145982499986711,2.0826181059754547,0.4762949262652225,341.1268140787928,1177.3019755960986
1,76.7960477262358,2.90703909556851,2.336690728044273,0.8728878635792122,339.4297148775032,19.939866512756158,73.92518547074397,1.3627798225671506,1.2440838065042517,0.373557293270808,296.2840786547249,1474.0583302173757
1,43.246208642335816,1.0302540095128614,1.5750069039275587,0.759669930871904,431.3623827837642,19.131629215179125,55.481944788776005,0.7081609130647089,0.6541266625204883,0.48232800058052605,327.69303151008194,1061.4599958359022
1,64.50611346622041,1.6402162619299054,4.381496396875985,0.17212989878572824,225.5173114398132,29.19504879271353,59.555202497408,0.9708608312008694,0.37435070427066486,0.03928564198031914,38.8182719925646,1738.717042771761
1,73.07927677225462,1.8137421609882947,3.009637895067124,0.3115010481121755,271.5127747837993,33.63227826333417,35.13677047959523,1.0345153272689693,0.6026446450455272,0.1035011715604505,84.57651392099852,1181.7296420446523
1,48.21718413132293,4.51554986083918,2.844470333142323,0.15024291469473497,164.91713045950564,34.36437688041855,54.04492287652743,1.7075713505168302,1.587483549477134,0.05281929396280948,24.777630363327983,1857.2200982021427
3,67.6434147009594,1.1789657256480544,2.4963156670378672,1.2524705547956034,117.23758362349787,38.48416969009216,78.1137338194763,0.7788503264436641,0.47228230836968516,0.5017276345830843,146.83662140381833,3006.1421874354164
1,57.32966864029133,5.77075406214153,1.625769575938803,0.3750140968924882,490.8226195157039,24.08416813806321,78.08933755339834,1.9126124636080595,3.5495522536206896,0.23066866451596366,184.06540139208704,1880.716735426019
1,55.89517560133462,8.486256670737632,3.112760287605407,1.5150753597965314,184.7049629112177,20.173339053541067,27.446582988812324,2.2498440849364374,2.726280177927213,0.4867304963473602,279.8419381389182,553.6892244944636
1,45.34742449674009,9.447118143202594,3.4988395803965924,1.7729816951959527,223.2964647721195,26.911413719104413,35.366981646496086,2.346326164607603,2.7000718169913256,0.5067342055719473,395.90054464293576,951.7754750848287
1,77.18313446674128,9.244527523377036,0.6539625976405781,1.6293256450983251,364.89220746978623,21.519922064038553,31.41577443234331,2.32674366285064,14.136171635396625,2.491466103683521,594.5282313270613,676.065017365443
1,56.68495491842065,7.004262447902576,3.7302488014755726,1.124173045302523,336.8583283589169,25.968391569131125,51.77333321807468,2.0799742057769457,1.8776931032407016,0.30136677340606194,378.6870528267608,1344.4701898460671
1,61.79264638649997,8.557756668461572,3.400843165356177,0.5889055914299912,498.68326645637273,17.9700609887729,75.42731626143166,2.2573530414160734,2.5163632229907025,0.1731645838388181,293.6773639687301,1355.4334734373888
1,67.64242194805037,4.172736350379824,0.7915773098087755,0.7503101740874398,165.51788256721807,36.98112043926275,23.436221629336597,1.6434018232388434,5.271419858393679,0.9478672073972095,124.18975128359381,866.6977347157515
1,67.61622774671497,5.551328027447074,4.616712509080666,1.8766388555713773,305.044711941238,26.525652381186283,59.3317872491452,1.8796677813776905,1.202441784392704,0.40648813455033084,572.4587591155054,1573.8143637253263
3,65.74388844713476,4.2737064840811705,1.4193263116384482,0.25595131912539604,186.55396585333148,20.290636930952292,25.208737281559063,1.6627334330037706,3.011080995988632,0.18033296291811135,47.74873364823428,511.5013356678762
3,58.982415281176415,1.2901030990175288,1.042304437513753,0.6011929167595729,480.0110573192064,19.968958917129186,60.124176385633284,0.8285968379577496,1.2377411556405336,0.5767920533789729,288.5792476265802,1200.6172081709399
1,70.4899161735644,3.4232196342301995,4.640312783147578,0.47423587257012256,322.62504607285166,34.384104202254214,75.84474095849598,1.486867854951566,0.7377131228443161,0.10219911776042884,153.0003702373348,2607.8534763099037
1,47.30352045411444,3.662484983177197,0.9937722943098655,0.18749818515196748,101.90137862703943,26.77909809094493,22.971965567109294,1.5395485641984625,3.68543679890034,0.18867318622741175,19.106323557053383,615.1685192634292
1,46.457538624051296,1.6362514514903976,0.5596486048169815,0.6662810082990114,394.7876426062429,33.851206835307295,56.99912144424438,0.9693580033997512,2.9237121962012056,1.1905345650185284,263.03950857967726,1929.489049439916
1,42.475193200066634,0.24016142238140153,4.728942581253991,1.2976524559160223,459.97275371788675,31.867691306692315,23.684575505609644,0.21524155048419047,0.050785438447365765,0.2744064732483851,596.8847735164715,754.7727409428142
1,71.27421703469867,1.0072223524684942,4.607370063253214,1.2243767403366919,143.087603286493,15.430208776067085,51.00540489304271,0.6967518521521974,0.21861112492390192,0.2657430863003378,175.193133294506,787.0240462074827
1,59.08319288756757,8.46043416408197,4.3322838212612815,1.7097780214507137,288.5825753551396,16.074235667612502,29.293148580977515,2.247118276733909,1.9528808621820253,0.3946597434498039,493.4121447158621,470.86497373702133
1,55.43833995779368,7.606513241642254,2.1270549144405533,1.0290322889657513,439.98169640851586,23.85726904294637,29.23877955798727,2.152519270291216,3.5760775098008595,0.48378266211166526,452.75537215828933,697.5574304023029
1,84.75526080022303,8.894091300020998,1.799415542567482,0.8588829040498335,397.4560201990282,22.711805454188337,35.4063902248087,2.2919377405799004,4.942766742656081,0.4773121514913354,341.3681808606306,804.1430466209309
1,73.64169226468567,0.23098358077947412,1.866578201627481,0.1878585877093008,217.95281124031686,25.62707378595207,57.79681031950498,0.20781350899758244,0.12374706860825767,0.10064329881571839,40.94430730687775,1481.1631226506302
1,60.69365265920432,3.2355233023986223,2.4554439806522717,0.1626427674165224,470.01794592140243,30.16426222954516,48.77463220868452,1.4435068865621214,1.3176937970863942,0.06623762085312061,76.44501946008626,1471.2507960923792
1,83.21355433849988,2.682799225849669,2.0212599283378703,0.6002294625861648,300.63436542267453,17.109109088355368,37.466934145010995,1.303673122224534,1.3272905618110176,0.2969580775688497,180.44960359258462,641.0258634932196
1,84.05323621354643,7.848037019865672,3.8076786995859635,1.0110640008088931,292.4115141591822,24.115229756421563,42.90920924670692,2.180195628752428,2.061107997562674,0.26553290878214947,295.64675538836906,1034.765439650706
1,41.84511481657406,3.1488309748077103,0.6559099507757291,0.9296065821507143,316.22770507536393,34.584714138579,40.84830444491291,1.4228266017423137,4.8007062113993895,1.4172777544406678,293.96735609647317,1412.7269322729592
1,63.273879176823556,4.982048695057618,3.931464823244755,1.3475681024885933,196.88333689046087,16.651577603797683,79.22104344281033,1.7887631004383522,1.2672245381928116,0.3427648886799412,265.3137047051008,1319.1553527417839
1,63.408236903496714,3.59036233309208,3.788991463776588,1.1903606083553888,329.12556589945615,37.49845040259952,36.126156336849505,1.523958960628359,0.9475773084781434,0.3141629163684958,391.7781088493882,1354.6748816339075
1,48.44345061926784,5.649622849632008,2.9937419766828883,0.9968204061981502,256.44950336058093,15.559140518776118,30.261842469205625,1.8945601387183924,1.8871442140420787,0.33296804265765156,255.63409810920817,470.8482593354372
1,61.411074937026186,7.908954126801928,0.7322656888377856,0.7462152361545125,121.04910858214764,29.622364781546743,57.369532110166936,2.187056852640272,10.800661900948292,1.0190498442428277,90.32868914692052,1699.421207514024
1,45.29548686456454,9.182281671772856,1.4082356133848137,1.9432035863202728,326.07017851654984,33.00794746376765,42.96771766642473,2.3206491187954934,6.5204157489686425,1.379885274772748,633.6207402854512,1418.2761673713487
1,41.74670779623451,5.384793994490767,1.2025363801828353,1.3168666204455068,365.99131423613255,34.6482176180247,60.876394792881165,1.8539192249844896,4.477863691468574,1.0950742465232433,481.9617450905454,2109.258574584532
1,65.84346883435751,3.045283957143604,4.961723621796482,0.46533856331520584,116.72038911509972,21.426867052425244,22.42355463432035,1.3975517475876464,0.6137552570977348,0.09378566780120687,54.31449818041229,480.4665239923761
1,55.170554215225295,7.111107860080486,1.371282359697967,1.756537929907238,162.36201083748844,16.765494547860353,63.828866870307415,2.0932344630000963,5.185735680029275,1.2809454723052993,285.1950304120585,1070.1225195102434
3,67.72066068477277,6.025953417014862,1.3252607947783388,1.4495978903429723,259.53561178819075,29.738578155620456,43.769500233881224,1.949610923735528,4.546994403484753,1.0938208510012022,376.22227531703396,1301.6427035377246
3,73.97486645120478,4.84083998126792,0.8122283684747013,1.8781739194377256,387.80381503304926,19.50922010015051,40.16122766557357,1.764874618906137,5.959949404819021,2.3123717323057593,728.3630112535249,783.5142300199286
3,56.15668195953481,1.2952327769668195,2.958046996771371,1.5409237382916905,180.3759467328809,34.117341556767116,69.91057045023743,0.8308342662413021,0.4378675451676499,0.520926050185669,277.9455781375337,2385.1628104791807
3,88.33398490379058,3.9752134637484344,3.1019170780340843,0.6643076044531275,411.9736002713165,15.690775106627003,54.41059713006949,1.6044682769761822,1.2815344071891899,0.2141603362505579,273.6771954941686,853.744442985205
1,40.74793373142169,5.946508849674777,3.4575774747424446,1.1222031765723446,149.9139352111436,16.04162744891807,75.68057201777577,1.9382392095820389,1.7198483311260389,0.3245634218669063,168.23389430640603,1214.0395414301727
3,71.70196388448915,0.22251667093035954,4.187440698240185,1.610793187155433,169.8320897295134,25.31347994205172,23.639324411931703,0.2009115790267607,0.05313906201080637,0.3846724773517116,273.56437309667035,598.3935643450868
1,45.06086327827904,7.916681256744054,2.384446479761773,1.4102599617393554,498.5888521735143,21.547932306659277,41.089502998393506,2.1879238209429284,3.3201337601567804,0.5914412312077781,703.1398955898894,885.3938291236567
1,69.67116381511003,5.411284861390876,2.9948195610181236,1.8826208759706482,203.53932103436523,24.9440739798113,22.82029758455812,1.8580596972407166,1.806881767378081,0.6286258112093502,383.1873748601877,569.2311911905268
3,47.171169166276236,2.0000060558937625,2.64853325689297,0.661905429462584,228.65175968154955,25.741282211874996,41.850208157355056,1.0986143072973265,0.7551372257413133,0.24991395812755404,151.34584118939162,1077.2780188041895
3,56.20248269019974,8.565611902666806,2.982985452136719,1.5031499873196208,446.31619297680396,36.842856185421056,59.49262018961791,2.258174573942398,2.8714896670150503,0.5039079175672517,670.8801798136243,2191.87804973997
1,45.28846463015852,7.555261493520329,0.9562809671138636,0.8593111585071872,148.48855411858887,35.45629419829955,70.87165684246688,2.1465464730395376,7.9006711974230175,0.8985969480294694,127.59787146470177,2512.846315327435
3,87.581148762404,0.6531669873001039,3.6194480190194724,1.0140966554783393,365.2628206344587,25.96931256432474,61.57344572272699,0.5026928344868489,0.18046038618812663,0.2801799197417576,370.4118047759891,1599.0200576359812
1,70.3940908445293,9.426612486611688,2.2205749821402136,0.43776326291744105,436.9952034016947,32.14717444856191,73.46029047598827,2.344361430698667,4.245122350034864,0.19713959962546285,191.3004461203967,2361.540772973626
3,65.02694756543761,5.507508565644974,1.7460393589679581,0.5063587646767267,199.53137869180654,18.297108220526567,29.953484638432155,1.8729566741584753,3.1542866072047366,0.2900042098570007,101.03446242862731,548.0621500112733
1,57.823722526420845,9.499928005821685,3.3083938501439474,1.4105428314608692,322.8018452535735,24.666041907088122,51.18070454691748,2.3513684005515603,2.871462237003114,0.4263527546454292,455.32582880476895,1262.4254031885623
1,86.32997101849887,6.071953166702687,3.6323495053882935,0.9335056739979603,483.9600694911223,34.310344991697505,72.9449027001018,1.9561367029580252,1.6716324124909898,0.2569977565796411,451.7794708584098,2502.7647770262997
1,74.52547454485648,3.0206549893650543,1.1649818450843117,1.3062177128561552,364.60935624643776,38.50020188174962,65.51729515233703,1.3914448220367168,2.59287730715361,1.1212343937957436,476.25919940217705,2522.4290901111513
1,73.85327832191638,2.3692964715976483,3.0802755161481565,1.3935833425814144,324.99722387596034,31.14680209507094,65.49061359754134,1.214703960433226,0.7691832951879649,0.4524216536071656,452.91071757874107,2039.823180807382
3,75.99136803015054,6.451964308621297,3.610738210465831,1.8216902808526818,218.18680886376387,15.240191372519153,29.92211924320396,2.008477663224557,1.7868823305771901,0.5045201769467692,397.4687891173804,456.0188235377663
1,89.90212011627301,0.90642540141747,3.8110292061189384,0.41136372541171184,477.2027231336505,17.54084940194048,47.05115127356402,0.6452299709989142,0.23784268038726264,0.10794032350925878,196.30388996487216,825.3171586775064
1,64.43091781798874,4.434443984177369,1.2632655937282817,0.17210335761044787,188.28483637823,38.412137178715625,24.007020953129743,1.6927572125206312,3.5103021931357867,0.1362368756537716,32.40445252782718,922.16098210392
1,74.20299441892912,2.223827508473686,2.7588385578700785,1.853134010993647,106.69890961390567,23.17729301816891,22.20245010193056,1.1705693208786163,0.8060738103466843,0.6717080293470787,197.72737834146562,514.5926917337188
1,63.691062759401134,0.3985716881655116,3.9662263136087854,1.6150505308674394,104.38219511473412,16.994054933606744,44.59400172980921,0.3354514931008353,0.10049141341177267,0.4072008007525771,168.58251963316,757.8329151057318
1,80.91733984362494,9.784971877142016,1.4049680722248494,1.8373312233992654,136.55632317085457,16.354294270790263,66.13066042781222,2.3781536722477354,6.964551060329036,1.3077387733727952,250.89919631441168,1081.5202809581456
1,44.66885919394743,0.4438683163115036,1.4258188315081557,1.1466086819489147,113.5282409251443,18.471406228127165,74.23305983471845,0.36732584262214263,0.31130765459311766,0.8041755772969367,130.17246669115855,1371.1890037639548
1,81.72569000870966,5.280769617930639,0.6520954477894012,1.9588153356589568,395.98548316216056,29.619632261714752,34.81560879605352,1.8374925235972908,8.098154397231893,3.0038782547851337,775.6624371163617,1031.2255295068267
1,81.87696931351712,2.9935245414775187,4.041204896909087,0.8193590966445659,165.93832698006366,16.84474805705435,20.45789378592558,1.3846741847120065,0.7407504983890112,0.20275118870395611,135.96307769309556,344.60806660189417
3,52.49163344930122,4.74183000738118,3.147648901996679,0.10299987301563934,475.3267968950686,22.692743255289194,54.77129049632326,1.7477779761371872,1.5064672569971984,0.03272279603684592,48.95859972112266,1242.9108329939247
1,57.63711145271479,8.250418994322107,2.527676085149592,0.5267071183896509,337.331519601315,26.623532772534773,72.03043515005234,2.224668847181941,3.2640333319582893,0.20837603420949388,177.67491263121065,1917.7046508373592
1,66.15977146338167,9.151834382863925,1.3015798062477613,0.16868412516906642,256.5988966636098,32.053615403338,66.58816785175367,2.3176544165343276,7.031327882419401,0.12959952540701655,43.284160403048695,2134.3915227330276
3,68.85326229986805,8.731102205113142,3.3980312394540646,1.3432285363372907,370.7227531567289,39.31767479732516,66.55236780516614,2.275327168827871,2.569459074930665,0.39529611168409884,497.96538110964366,2616.684354355495
1,79.52781918984803,4.997510821640388,1.0340632843541053,0.10143440217707217,105.01577394744372,33.8230768509689,46.959557249726586,1.7913445200886322,4.83288682351963,0.09809303135680901,10.652212249521504,1588.3167137449761
1,80.9340312640553,9.874945272246293,3.998827258238879,1.4342873970672274,247.99154458549094,39.85666304379315,37.34119518369286,2.3864615445249626,2.4694603278750558,0.35867700814335773,355.6911469782051,1488.295434088958
1,63.06235547748052,8.56819260261278,2.396999588263469,0.276146519660326,311.5362636779271,26.787636154305545,22.040622618507467,2.25844432687741,3.57454905064047,0.11520507596765303,86.02965496264119,590.4161793189352
1,62.9467118057064,2.79945528757418,1.4819818160421185,1.9159930809279615,465.2780315880626,32.31836719362684,34.45465639900779,1.3348577110821942,1.8889943569284782,1.2928586978515992,891.4694892305095,1113.5182370333785
1,56.33559522824629,1.7239105025179933,2.953646489205273,1.210150186347771,295.21442875832093,31.2841251921121,37.07353430420518,1.002068532577917,0.5836549867488846,0.40971395553615547,357.2537959744329,1159.8130884868174
1,84.94783036142042,9.950897424115766,2.759656314419723,1.810548531352377,394.3475526274604,21.967840409526147,61.74471639523627,2.3934214094445085,3.605846631017224,0.6560775419359001,713.9853822520527,1356.3980759020028
3,77.30850024763387,4.651052439073661,1.9129857884306705,0.3959989683004147,169.88613793223914,28.48724511078098,50.510285588077544,1.7318418002142175,2.431305275346128,0.2070057031763288,67.27473534970865,1438.898886163113
1,62.03290110404583,7.94748142620688,4.5616915604950865,0.9075309509557712,463.29789725090205,18.93584568830377,26.80341639842908,2.1913720877918914,1.7422224455141218,0.19894614506932504,420.4571812679203,507.54535684000376
1,44.752308428725826,1.556321461062014,2.4867013086545264,0.45560740764532326,177.1516124817452,21.335758495150266,57.90810096079951,0.9385692958459119,0.6258578204167549,0.18321758470133176,80.71158692299682,1235.5132570123974
1,69.99182713668472,3.717861249787852,0.9399710712853526,1.392641730229149,270.90831896454506,17.073677351496194,63.69025557902473,1.5513555718603413,3.95529326738099,1.4815793515057831,377.2782300562542,1087.4268741905987
1,42.073262907890246,6.286654012091918,3.8366010379107314,1.3288047630246247,234.32965463947366,24.230121975853862,79.24913860302979,1.9860444574033747,1.6385998830661301,0.34634947702256835,311.37836120284794,1920.2162948327607
1,46.25526200157155,4.7042081260124675,3.4477953360627085,0.3367306965227111,234.5651234279171,38.089017231761375,36.34620306305833,1.7412041701764298,1.364410490613561,0.09766551192892113,78.98527739181822,1384.3911547779269
1,66.28419517066347,2.995569504308602,3.346223932630676,0.1869667972158396,165.72948714761412,31.341205402480877,49.22977080837268,1.3851861233283316,0.8952089174598657,0.05587396449850064,30.985911416213064,1542.9203588222651
1,86.58713977207995,1.4595169902918559,3.425061413256477,1.6282924370432414,429.3953244071036,18.05471167597481,42.9506987554164,0.8999649852561733,0.42612870666870106,0.47540532579679934,699.181159233816,775.4624823106932
1,50.454068921009295,0.6509767408282621,0.8690673344008664,1.9433412996529644,426.7180886846411,31.92560030069833,22.083890087998775,0.5013670769091744,0.7490521333160501,2.2361228212457216,829.2588850498394,705.0414480340025
3,86.76419097856892,5.738240159856263,4.809617636384923,0.9238884108540084,191.4266866699847,23.9913830879414,73.06342356039076,1.9077987869517703,1.1930761639857352,0.19209186274284276,176.85689734258034,1752.8925843538582
1,54.41214835939822,9.049280377889344,3.458487751676637,0.76770922041073,428.68276333871455,18.071106847946297,54.810428171636644,2.3075010277512673,2.6165425549078067,0.22197829673924765,329.103710046282,990.4851038713316
1,54.98725348271004,4.093416617090058,3.180101948507353,1.8357046204029888,351.91021762429943,30.30296307711707,63.269003458775764,1.6279488464594971,1.2871966633055232,0.5772470977745273,646.0032124599478,1917.238275737274
3,47.66556515311764,4.198041933099487,0.5168027209601823,0.5868280118997741,264.716395400406,32.85112467411843,29.534653405204086,1.6482820033471068,8.123103387110321,1.1354971405906877,155.34299603009475,970.2465812212358
1,48.43115662678425,5.948998437127122,3.5036416336270535,1.252696431118941,411.47222440947064,19.636009797873434,24.669162970009566,1.9385975394260089,1.6979471815924783,0.35754125624489735,515.4497870223158,484.40392578444437
1,65.98462900819491,7.413308140311231,3.710972336945623,1.7043613529565365,205.88679065083835,29.10296609539076,73.1316862438207,2.1298147545841632,1.997672703325209,0.4592762214873688,350.90548906954206,2128.3489852526686
1,72.00012055988668,6.612010637664006,4.79007461698535,1.0498667587173935,201.95355072361792,21.122385172496273,22.654211045223306,2.029727346919002,1.3803565009651766,0.2191754497924984,212.02431970967348,478.5109714762261
1,72.72880470174655,6.779596533111082,2.5382134502403115,0.8501778884205898,187.20847288276474,21.773661200707057,49.66445026019565,2.0515044773482596,2.671011191934708,0.334951297472676,159.16050416991217,1081.3769136848675
1,53.74554973957305,4.76158244172491,4.542019796621991,1.0981391974289068,213.20486080834763,38.73518861654833,24.84126213282041,1.7512121664427007,1.0483403100237945,0.24177331817127243,234.12861473602064,962.2309741879183
1,76.4398894967951,6.703653664605511,1.8398465927674534,0.9827522249385059,273.3069253875278,21.909932519532806,78.35953542838914,2.0416947182160317,3.643593814265805,0.5341490039450917,268.5929890156952,1716.8521334979462
3,84.02701565723285,9.584754497037583,4.22383382327118,1.8807083029333012,217.19322723478928,37.89475090273974,72.59104303398789,2.3594147108400647,2.269207288466334,0.44526095997706,408.47710580134736,2750.8194935430315
3,70.13791193565152,1.3955790505801011,3.7922115281264404,0.6379671017957002,250.93788291431264,19.920259904066498,35.76952652423483,0.8736249764125532,0.36801192133646443,0.16823088508221765,160.0901138935928,712.5382650081581
1,55.401987569521,6.844066854953596,4.441846342507285,1.6002865379620845,412.7203341299716,27.804919290247106,43.76889891783637,2.0597574313668248,1.5408157615579137,0.36027507810159237,660.470794651407,1216.990701833424
1,75.49660912036056,6.207147551909222,2.822616777928056,0.2279792875203311,344.0168346242308,29.52848148931055,60.91265600188343,1.9750732491487417,2.1990755530283437,0.08076877077435905,78.4287128526317,1798.658235216356
1,66.88031702502609,2.4699758318553005,1.0670780968021751,0.44785937968417944,241.16870836129914,29.25332811450478,30.921245291719117,1.2441476290513143,2.3147095224401437,0.4197062811300566,108.00966812592621,904.5493342277454
1,46.06723596950317,0.619881076400023,4.93628459781127,0.4039791599172955,166.8781655566326,15.97233571634629,40.444372650292706,0.48235273692005853,0.12557644603288795,0.08183870923820281,67.41530113010779,645.9910978074893
1,78.5741131373814,6.346421793957152,1.7379571687441433,0.80097075036596,208.89505958293628,34.059874278244074,49.46144169996731,1.9942133639300503,3.651656040835062,0.4608690966445079,167.3188326218864,1684.6504859215854
1,45.781393734801725,2.070484414776815,2.587165019517887,1.2789558094377713,245.67589862563608,15.827316650214676,23.77961271982448,1.1218353389811815,0.8002908199348822,0.494346437041771,314.20861778610225,376.36746033613474
1,42.90344139400862,9.741141102290127,1.4293801976432077,0.42477938194103115,287.2251565577576,28.270819936263273,78.63295407474476,2.3740813313222984,6.814940572390416,0.2971773238788507,122.00732448052018,2223.0180857035684
1,51.05512613615235,1.9567860176228202,0.5337439409417432,0.655294178277898,159.46311711650253,34.383764684338004,23.807876564072195,1.0841028735656608,3.6661512525467685,1.2277313670703043,104.49525229649075,818.604425412824
1,41.043174775221075,1.2386501988797034,3.315319736319129,0.6180431042727901,484.1755302737404,31.800421341290573,78.07378151112458,0.8058730944509075,0.373614099813772,0.18642036166290837,299.24134774330673,2482.7791477616233
3,60.49290358408179,7.565962597889448,1.9961620028094818,0.28756028482850293,145.87770822909704,29.02936542778597,22.858612300214297,2.1477965128387306,3.790254792567335,0.14405658680196226,41.94863532848839,663.571009635004
1,45.8722119018335,1.0568179369040314,4.522545707729609,1.1972846866796578,373.06295065942294,25.267677660633566,36.18926706312837,0.7211600977133291,0.23367766855242486,0.2647368902504059,446.66255799205584,914.4187349257109
1,80.80657940018645,3.7134680997250897,4.726553299550635,1.7298880338640554,206.04766477772287,22.711166106476792,73.23073838248465,1.5504239639782096,0.7856608958748309,0.3659935526440631,356.439389704615,1663.1554635045543
1,55.19974548464109,6.818420956285077,3.1112061711975016,1.7242478177521132,187.94435164947697,27.79265494802099,64.09605739312096,2.056482610419163,2.1915683439457405,0.5542055790820353,324.0626381904464,1781.3996066555605
3,61.99935688593145,7.195723418332226,1.9954614441591076,1.0561568213444568,340.0513737412083,26.716320473172512,52.41675422061461,2.103612483874136,3.6060448270723273,0.5292794929393004,359.14757798433044,1400.3828039214577
3,59.81905953835458,1.6567802403691285,4.545380259281017,1.5612402638928855,139.03361576836622,28.70334345735421,60.28341520520418,0.9771149536728599,0.3644976098504014,0.3434784715107292,217.0648789721861,1730.3355714172649
1,47.11128715004891,3.852789349586897,2.801265770524445,1.1726100978806089,149.32450689796354,28.64727200961,25.13019037226878,1.5795536632553469,1.3753744432701893,0.41860008793848796,175.09942464959468,719.911399247666
1,41.81822507332512,5.777433956124767,1.181027095905023,1.20167148976397,372.00664848162603,26.962798514042106,74.30791809662516,1.913598557765524,4.891872486378062,1.0174800340572432,447.02978348301707,2003.5494236372474
1,61.10030134482224,4.2329473333644625,3.8278316943212674,1.453716122896465,291.50611066726486,18.80997722356598,34.35937431898721,1.6549746630100657,1.1058342349911046,0.379775350377371,423.76713299984414,646.2990483561272
1,82.34241140904514,0.8129881135621025,2.0189902777991575,1.818686087509067,317.8047578183017,36.36818601255859,74.3843851320714,0.5949763755251339,0.4026706430940902,0.9007899183603616,577.9870915883337,2705.22515491297
1,73.22173724938878,0.3539627675149911,4.990301373208631,0.7744480810247915,320.53831609250676,28.806122587134197,77.7726649501953,0.30303567596945524,0.07093013849129566,0.155190643431389,248.2402837927599,2240.328920483441
1,61.9776216303392,8.525080623078269,3.5352298800444797,0.9797251193352432,272.4194597532196,22.812552063308722,68.07463089864075,2.253928385342115,2.411464292944652,0.27713194122553536,266.89618771596554,1552.9560615657667
1,40.21288564226995,3.9330008255037217,3.7001344391514404,1.5170302029350695,334.1017531948447,28.401433457184865,45.697158830903376,1.5959474895947297,1.0629345744544583,0.4099932658887317,506.8424504501378,1297.86481571831
1,81.09219846038931,2.68221218062685,4.730774807604885,0.3628478025680175,422.6924109760173,15.21518527199882,46.03443039192135,1.3035137076108523,0.5669710120877242,0.07669944508555493,153.37301248482524,700.4223873040165
1,81.65221939621844,4.649626454660201,3.371304082416266,0.5153231102588346,260.110857296533,16.67933982929619,64.30118998046571,1.7315894287532747,1.379177416511103,0.15285571922942487,134.04113599414129,1072.5013991123228
1,58.16822517471875,2.722484072730526,1.961094148657482,0.8980389732245506,104.78225085606918,30.95368363330858,67.1251110913124,1.3143912069182573,1.3882475120300948,0.45792751655463687,94.09854497094166,2077.7694525711768
1,60.953285415311036,2.2382968419512212,3.679158945100303,1.9864871892638745,296.0638481064457,30.673997704383016,31.918286162234814,1.1750475255289572,0.6083718793753282,0.539929701028374,588.12704146762,979.0614364682309
3,61.087154200435805,3.6903567223576146,2.051580596517595,1.9331069344245955,377.7234250752791,29.68248516502336,36.37199879717748,1.5455086397699396,1.7987871052308255,0.9422524943479678,730.1797723076312,1079.611314719468
3,53.17272522210037,2.2681643379868572,3.910907823628211,1.4101411890921,299.45520695914,24.88864956051408,49.88630419390659,1.1842284627550888,0.5799585263256462,0.36056620423845476,422.27412162118264,1241.602742951345
1,40.389143093869585,0.46075399072859224,4.200882219368101,1.1162237832895299,283.90411892522536,38.39923184851445,64.8160847657746,0.3789527344210152,0.10968029253576625,0.2657117541032686,316.9005297181957,2488.887866433944
3,67.23563115057529,3.2978302544525526,4.720750250256403,0.42458275615697794,481.66627317998365,31.7615471806578,63.43791024297535,1.4581103033623597,0.6985818100149301,0.08993967773108039,204.50719381461732,2014.8861792245962
3,88.94178122791764,0.2678291273277026,4.382740329843449,0.4076884891121876,136.83080022342392,32.11973070671545,75.19898625295141,0.23730608930641442,0.06110996937326411,0.0930213652714283,55.78434220709928,2415.3711878627964
1,86.40800760509816,0.9236776538398453,3.9145035840671505,1.2384854118738557,209.22300359134124,23.980181690584498,33.38799955220876,0.6542387986229109,0.2359629092177631,0.31638377262311135,259.11963777630746,800.65029554712
3,89.08464460820353,0.27907766961725056,0.5668866868943587,0.7339783367310269,194.01912404637707,26.373317631787124,72.81440724350855,0.24613924758422023,0.49229885984120425,1.2947531732524284,142.4058339615706,1920.3574904033524
1,51.74832095407839,4.614779051955775,4.455057404657092,0.7100295354460917,252.2446531989025,30.75880705471474,41.655708877981,1.7254022378090266,1.035851759649992,0.15937606880303332,179.10115392957726,1281.2799121051853
1,51.60001398803136,7.483910458743429,4.630478531280592,1.2442768735448062,211.8282249197998,25.007328558831027,28.457901871146138,2.13817148251466,1.6162283030116327,0.2687145324482678,263.5729614317545,711.6561021867237
1,76.65960148599595,4.930181426788148,3.204323665040213,0.9147588246604339,260.4199585647872,20.169638646887336,34.52125803545944,1.7800548072782432,1.5386028198641026,0.28547641258610307,238.22145521484362,696.2813002111727
3,72.66630324760014,0.7902174217173907,2.879559948196573,1.5209997369742172,401.28929927781655,26.767646342464346,71.80196905270219,0.5823370771230177,0.2744229798765928,0.5282056162528576,610.3609186521269,1921.9697142953019
1,76.87925504142667,8.820445235462303,4.235352413764196,0.3784659818026571,494.418624402211,28.288304672590073,38.9160486329818,2.2844664609986753,2.0825764597055283,0.0893587935144913,187.12063010590194,1100.8690403831215
1,76.31120592641219,9.6025952824271,4.513295162931347,1.9908115348998923,438.3280789715369,29.73006620078018,60.12078298810025,2.361098809114919,2.1276240387057457,0.44109934383437865,872.6285956870466,1787.3948582789592
1,89.2567174920459,2.1791991471154306,2.8288366267692022,1.8107143277930007,429.5195645851288,25.935704738445118,20.462555487088345,1.1566293245451953,0.7703517150809381,0.6400915170067658,777.7372296617039,530.7107973071734
1,85.65164748275355,7.320261492661351,3.9471617240897885,0.32559918862544424,324.1376497839094,20.88442172677038,49.01912515643244,2.118693683745636,1.8545633557361767,0.08248944719905721,105.53895577259931,1023.7360824442741
1,68.35215749775551,1.378022040164518,0.7767582482852669,0.8136912221469542,213.76619574894838,28.197046527090976,70.22045821505284,0.8662690665875054,1.7740681134787708,1.0475475785976123,173.93967707266685,1980.0095274434927
1,60.21994876541476,5.871296292227477,3.2707867474431556,1.6495124854318306,144.13413497401035,23.8270140848945,47.968907426354264,1.927352777259721,1.7950715670525434,0.504316732578573,237.75105521654675,1142.9558328847434
1,85.74527340515772,7.385325374858919,3.3872334132886293,1.1869246476894229,311.37498017322235,17.88770287640905,21.987331483671554,2.1264831989181174,2.1803414390886586,0.35041123621210685,369.57863864140296,393.30285262503094
1,58.54920245368657,9.8779065434571,3.811550016403363,0.5919836824272608,373.6033350571059,24.203627301703406,55.65794676643801,2.3867338096287924,2.5915720641068862,0.15531310880864832,221.1670780542113,1347.1241999129138
1,83.52424300591872,1.423792088672745,1.0649548174101673,1.431814387119294,493.809808552213,20.14216326268174,74.63444598419046,0.885333292528747,1.3369507000637113,1.3444836942484395,707.0439883856828,1503.299196033366
1,71.16318713331387,0.9126547827346618,3.623207980703183,1.2941728826396655,203.97204935807744,22.24475333840111,79.70776897086307,0.648492215592567,0.25189135914785,0.35718978582855065,263.9750950956632,1773.0796599111109
1,41.10467348245724,1.0980713304060552,3.6214547656570977,0.44846619561209744,248.07185506234651,37.56451795240416,28.82984769229954,0.7410185086363995,0.30321276985681606,0.12383592358103779,111.25184107824617,1082.9793312024638
1,77.24330938623163,2.9737805438932874,4.619528589301058,1.093164866444665,156.28646755705043,22.346186928167107,54.17185926111955,1.3797179196287581,0.6437411277810113,0.23663991797268272,170.8468754341115,1210.5344932953378
1,72.64665801273165,4.435078049102845,1.7220919092140399,1.8320798089201635,482.24137504116624,24.541266541950336,48.12254616166437,1.6928738809305675,2.575401478500069,1.0638687744351125,883.5046862388167,1180.9882320307142
1,48.84841593563914,5.129249843165358,4.666621641395582,0.6317128992821528,103.39474957532997,37.2636858042777,22.736009432526107,1.8130723677721834,1.0991355711519444,0.1353683559169445,65.31579702478383,847.227511936747
1,64.39140195211934,9.502255749001225,2.234937852448634,1.5943884296571715,494.0869780838743,28.19290195630953,65.86800624145295,2.351590067328334,4.251686792359976,0.7133927361382035,787.7665611012058,1857.010242022867
1,44.00604022466013,4.766476328621084,4.718310355157224,0.5200021467798688,485.00036462563565,26.373765480220342,60.05346118723283,1.752061205693394,1.0102083097207062,0.11020939862751805,252.20123079434967,1583.8359016275933
1,86.73856815149131,4.677915654452752,4.552115157869678,1.4777633509957209,188.17431831961204,30.33126783960531,42.14580325455891,1.7365842031417054,1.0276356138235192,0.3246322423194786,278.07711121132536,1278.3356468293355
3,68.17865549162048,7.7492088153927305,3.0170985307395117,1.6541342970635438,414.11447256326477,22.403588765000677,68.52827778645033,2.1689632751833154,2.5684308074265463,0.5482533235857245,685.0009519772761,1535.279354301364
1,78.31536150282534,1.8822301679366078,2.277078411483302,1.0672904191160772,200.14966562134444,32.80931839089773,53.970681650075946,1.058564358349723,0.8265987497156553,0.4687104377845461,213.61782050694742,1770.7412780311233
1,89.26081016270435,1.1033406057979767,3.7597740862614253,0.7628589861783389,465.8874107108473,29.47145582651721,40.27508422103435,0.7435268454691979,0.29345928252170494,0.20290021918229043,355.40639780812836,1186.9653655294742
1,73.09539171877907,0.4159999924411285,2.366049745495077,1.5539823382355449,105.81846768368841,32.856831252550634,44.12450402490904,0.3478359899333419,0.17582047597823597,0.656783459939633,164.44002983960056,1449.7913828489275
3,64.10713559874401,7.824272105092207,3.9305863349895747,1.6326235042695774,438.2405442916086,32.38012058105521,50.99398905681234,2.177506118408233,1.9906119439335404,0.4153638579914077,715.4818131343729,1651.1915145685932
1,79.35842834339157,9.712866148956088,1.5445697828298193,1.5698996333882875,445.96830187552604,20.570811009489066,26.307240044557588,2.371445462938957,6.288395808935912,1.0163992917898867,700.1254736171854,541.1612631378568
1,53.963284308090536,1.6846017562597702,2.7862876267944543,1.4797231106676276,103.70822336752465,39.3918456450305,51.14069615427815,0.9875323952691174,0.6046043990791637,0.5310733523839416,153.45945488320672,2014.52640908873
1,61.292870648627925,4.830071389884065,3.117565381032273,0.923512041302132,363.0618770213265,26.613635624844534,29.66972055044144,1.7630292455505614,1.5493087712838134,0.2962286041925264,335.2920151669489,789.6191318204103
1,54.82714324768429,5.987932528465016,1.65388256124884,0.9330189917891474,344.1460815661165,21.825726420483182,67.65568543818746,1.9441847368824687,3.62053066448899,0.5641385994690147,321.09483005100367,1476.6344811641475
3,54.81417992627944,5.352754768793955,3.881707043170538,1.9946235718759928,178.1191780982414,20.64043462524432,59.15354909755399,1.8488885406884206,1.3789692805930764,0.5138521659910752,355.2807112379304,1220.9549629992434
1,85.99638197939396,4.662996940444348,2.37810344727895,0.8047250585669925,250.94239185176343,24.012384256566854,57.16181680509388,1.7339532468603491,1.960804920315723,0.3383894251899626,201.9396309798515,1372.5915099273948
3,49.94930989953827,9.61926360948136,2.7505304058267894,0.9276048523960673,305.1506363469746,21.00514553640079,70.95154761653893,2.362669673436159,3.497239510279065,0.3372458091832059,283.05921098720137,1490.3475837182707
1,56.7739268701411,9.827721949078642,4.499119014076321,0.1375427576680579,116.5994044216319,15.588673830159149,60.00837892004776,2.3821096925415417,2.1843658543663342,0.030571042294664823,16.037403626604394,935.4510460612224
1,58.74693684169176,9.758816090532134,4.303661495178968,0.37318600019818504,372.4539312148206,15.402991345512987,53.72945354981018,2.3757255199190763,2.2675612618381162,0.08671360436136395,138.99459284814884,827.5943080268682
3,62.46066654778899,8.62065146889515,0.7862498088391612,0.9378136384603644,174.03646584279096,36.79009443923863,45.949584666604906,2.263911982644073,10.964265265288772,1.1927680336672841,163.2137712568107,1690.4895593281858
1,59.71980830748884,6.591218609749305,1.47764929519326,0.3864776899286989,388.0363628982116,39.016170183724824,30.948865493166767,2.0269921331641982,4.460610938732419,0.2615489962238651,149.96739714123512,1207.5062030746033
1,44.31856380643811,5.9336887384559525,3.948940058880862,0.7284408070800401,158.21924000854716,27.597071577236655,23.911650232187277,1.9363919570796195,1.5026028883653333,0.1844648934191424,115.25335088741666,659.8915229875198
1,40.5893544232922,7.115820589500036,0.5988700496984686,0.23014940613979193,268.7483408753271,23.82865673995054,72.53946450150474,2.0938153159405277,11.882077911698632,0.3843060882000566,61.8522710535109,1728.5179997061837
1,44.601619567479716,1.7963740217762905,4.822119400263928,0.3481934046225497,303.24040072796106,23.778002188671827,67.78959613509835,1.0283235857313697,0.3725279016687082,0.07220754521414217,105.58630754857506,1611.9011652695478
1,60.062398002614316,7.756646986566598,1.6328497874407693,1.3295167073490781,268.056967318701,33.69315476512698,24.944765305847742,2.1698130675848564,4.750373883885486,0.8142308726590722,356.38621657153885,840.467838029698
1,57.46221758689864,1.3880152803790073,4.546010643407161,0.6214051875585783,148.0450387391187,19.68825918295162,43.290415532123596,0.8704625943285631,0.3053260076264829,0.1366924181006416,91.99595506479905,852.3129211341238
1,66.96633139731298,7.251279504842336,1.9030191417394218,0.4947952401317547,223.98885699144233,34.92054414158237,21.614543915184512,2.1103682798171874,3.810408075146543,0.2600053931562116,110.82862028191796,754.7916348903714
1,48.16691859674305,5.12590277879699,3.5989913558434026,1.577132086346655,191.15775693198304,32.77319967507916,41.76587599771211,1.8125261380262412,1.4242609309062275,0.4382150248252161,301.4810320114852,1368.8013936776151
1,57.47926684948695,9.32150884021903,4.043430911205892,1.956879868652265,225.91535240764316,25.536311108333116,58.39572199888248,2.334229954814022,2.305346386502009,0.48396520470499527,442.0892051459989,1491.2113243591953
3,85.70523516670792,6.07513368123244,1.2974418719775533,1.8622935061943167,126.31372281206393,22.043663276244686,27.1861878530365,1.9565863382246387,4.682393726027014,1.4353579504535487,235.23322573613558,599.28317079707
1,76.14776867214577,6.556928955984983,2.9483207527436663,0.2192624938427259,428.39733605486447,18.97765828460596,74.38478084832909,2.0224648849073183,2.22395373701562,0.07436860241162135,93.9314682589699,1411.648952514891
1,68.55197640371426,3.2570198402332964,4.424176278639826,0.6941294166928577,288.2777098100689,30.15905126568699,55.66098150805659,1.4485693474490369,0.7361867238333999,0.15689461110402717,200.10203855601603,1678.6823947999342
3,64.33145036965233,0.25963767862135667,3.474634214393077,0.908730473438982,394.79975293662557,36.52832477428821,59.90524253797014,0.23082412296132868,0.0747237443141071,0.2615327016797111,358.76656639969286,2188.2381551094786
1,75.68132154724138,4.765127513485974,2.932321426906243,1.7012459642948754,367.0727281053522,26.109798433299602,37.7241062577547,1.7518272720342554,1.6250358742265987,0.5801703553657763,624.4809972919405,984.9688104663513
1,52.84461642637507,6.2780272137815825,2.2728562042953935,1.6071138444215822,245.69828307639398,21.531863645958005,64.85088040067808,1.9848598383670364,2.762175276164393,0.7070899784088199,394.8651122826857,1396.3603141077308
1,43.77804782790466,1.0273992882713334,0.8751390086704411,0.912948231008145,215.64586082319255,27.106211139459976,69.68138079630987,0.7067538329112192,1.1739841077730204,1.0432036761738523,196.87350716276228,1888.798220353887
1,76.53509838029854,3.3306644345322236,1.534910256380722,1.8260861636598102,265.9801696285772,36.538804920529046,34.7267653281006,1.4657209793259465,2.169940829235087,1.1897022357291906,485.7027075666341,1268.8745038444595
3,44.439800963692605,4.995676888389095,4.4578896738319855,1.9282321615005487,362.9401648879528,23.14108533578458,67.08654278835681,1.7910386909279572,1.120637174516441,0.43254371520662765,699.8328986372627,1552.4554115481285
3,64.53833878977399,4.464751984984163,1.2307777860792146,0.6392637227374149,455.8917392192075,28.271979001553454,48.68421415413795,1.6983187381621212,3.6275857717640068,0.5193981642891554,291.43505037850537,1376.3990802729195
1,89.71970992717286,9.282198677510578,1.7058188928061413,0.30361499671945,138.39894651491585,21.222664319623576,21.224040816738633,2.330414116293408,5.441491307580129,0.17798782625744697,42.01999569210152,450.4306937596334
1,49.057868596603434,6.827911065788257,1.6825206353087807,0.9982482849943457,431.27094754424195,39.82226413324736,70.35888446358156,2.0576956884304907,4.058144026587335,0.5933052255321342,430.51548375392593,2801.8500812293787
3,67.49508378011558,6.521857841093078,1.0741344306880332,1.8879438630642762,255.8459185768242,25.90119917647411,66.23139025837708,2.0178131607859435,6.071733346184168,1.7576420689307577,483.02273186715775,1715.4724308170116
1,59.70186418326698,2.373825187283959,1.0294889777048466,1.718071612666444,353.765183576524,22.395717797165506,44.76033982693592,1.2160471710695766,2.3058286574142732,1.6688586763665314,607.7939194525592,1002.4399392692848
1,51.38123839387838,1.732036070468611,3.205834622294298,0.12798813347638163,422.95921808068766,31.06446827607545,59.75341982854879,1.0050471445747569,0.540276175952288,0.03992349841951149,54.13376085877706,1856.2082146509717
1,75.00387150973131,0.6324602787946383,3.870854004047109,1.6792788165019745,495.7768647707721,20.44353032040045,46.26716865881319,0.49008825035306885,0.16339037280491067,0.43382644107637014,832.5475867213216,945.8642653155288
3,52.88711910259046,7.07481321119585,4.534828369866123,1.2578995154217891,202.29583867042686,33.06160052166994,76.97506200014945,2.0887497371007253,1.5601060578627175,0.2773863557396164,254.46783743537438,2544.9187499797167
3,44.74434567709414,6.9884150605725015,3.627752255636406,1.348387852720969,103.9094336753172,16.987141795472628,31.528979198481792,2.077992374715999,1.9263760499947769,0.37168686219572766,140.1102181509129,535.5872403111172
1,53.38521132470445,6.693527612836037,1.8509320162569076,0.5634455246214526,258.9793414542245,30.87165095856536,77.8622324660767,2.0403794056212274,3.6163011683012463,0.30441178804659397,145.92075091179382,2403.7356635473957
1,82.28586594440672,4.720401593636492,4.6258966533712185,0.742541706448754,448.9206384249892,25.543514222155416,76.20188329050796,1.744039011604901,1.0204295399025831,0.16051843828106518,333.34229691615553,1946.4638895861174
1,55.926475674347714,6.784911318613856,2.952842253684981,0.2687374151920684,383.0368432667339,16.667106679866613,53.255115324016664,2.0521874139062253,2.2977561060522853,0.09100974319122507,102.9363311828315,887.608688353985
1,74.84782821239708,2.060479909578332,1.8924235220886736,0.9657589492156937,490.978153666201,26.653168361112808,66.96382849368644,1.118571736862783,1.0888048502505265,0.510329182629152,474.1665457725317,1784.7981949469076
1,71.76806221837808,9.298128403738918,4.942248067195126,0.23427405164801135,112.60206419526982,17.379579401976574,70.77671227586538,2.331962170349761,1.8813560706223078,0.047402325513168524,26.37974180295533,1230.0694908092526
1,81.93623910002339,9.595760785532367,0.714409259108528,1.1327526018559957,476.6149574275779,28.885433524383103,78.58939065681079,2.3604539952331605,13.431741908701447,1.5855793964225706,539.8868331095734,2270.0886195390826
1,75.36435619094098,8.094711588071405,1.5478316737142432,1.906428615602372,138.34657815516823,31.26644952402199,72.24542421885312,2.2076931004251032,5.229710520554853,1.2316769633145084,263.74787546568274,2258.857909680327
1,67.64152130364833,5.477804494322696,1.032435016081612,0.5497316358642214,256.88211448847375,39.45563061188106,48.98978720186655,1.8683816403497027,5.305713588747251,0.53246124676264,141.21622502200887,1932.922947591505
1,78.18260559966043,0.5686653814346038,4.423181482705576,0.9731840428444425,314.1227846328139,15.063643147700429,45.67431025718236,0.45022518232176817,0.12856478615179087,0.22001901722765493,305.6992814985159,688.0215107315485
3,48.32745442019592,9.31980581257045,2.1129321098233396,0.8364960286928682,336.47066724855125,29.559989159175778,55.147837035238226,2.3340649432649916,4.410840163411437,0.3958934718270749,281.45637692505267,1630.1694649136343
1,50.40515690170314,7.95066442022638,2.4020680338834643,0.8377167518947853,305.86696843143096,18.464236565298464,53.235668659615875,2.1917277664281443,3.3099247432107095,0.3487481370544007,256.22988330628317,982.9559798429929
1,63.598435470637995,3.2615554331255807,4.244535884806213,1.6110342036070258,436.9178760051817,26.587466436916706,66.9609091649586,1.449634218786164,0.7684127361958889,0.37955485530795047,703.8896424116812,1780.3209250087648
1,80.3501641436896,5.844425898262184,0.6180465229328028,0.8110000147204323,251.03822562100387,25.766222358017878,42.19667223565739,1.9234345835300974,9.456287967657767,1.3121989763359745,203.59200467402533,1087.2488395923476
1,41.63075716131528,3.269884158994473,1.785285249295779,1.16334900151387,211.6641691556568,38.584187458906335,76.03309724185976,1.4515866978314271,1.8315751840129229,0.6516320022095982,246.23929984349624,2933.6752770611715
3,83.42555722002263,5.994432913084495,2.2937671072285184,0.7832351435926721,279.3755295304655,36.35772192005237,71.1753086078909,1.9451145345071932,2.613357255927942,0.3414623660459709,218.81673298807294,2587.7720779396072
1,50.2742673339397,8.12134765261899,4.223096690895814,0.8518749970338765,325.0075519294681,20.413620257402414,45.887086598467064,2.210617562097008,1.9230787848469244,0.2017180896829465,276.86580733590307,936.7215605396461
1,88.51467010328513,0.9691532425343334,1.5992058719591953,0.2738367874670822,455.59330747324367,24.363386775687196,59.31427520192707,0.6776036242234659,0.6060215632819175,0.17123298023637404,124.75820770997565,1445.096628064101
1,41.23928839199457,3.0961648655213714,1.65379285304682,0.5292740030005131,325.0328841638321,37.521423180665266,37.26543690902823,1.4100511372986106,1.8721600228331117,0.3200364556089474,172.03145570819348,1398.2522282760308
1,57.316574185135664,7.426553064745438,0.9535638135773752,1.7226176914999594,162.86659248717146,19.325473531259217,68.68795141279116,2.131387799279022,7.788207730832504,1.8065048893135045,280.5568735727159,1327.4271869443148
1,74.37358069377925,5.023241179644519,3.075255842672727,0.21637384614838462,173.0011645139457,21.981283683884044,41.10572709554411,1.7956255163687163,1.6334384638641266,0.07035962444033032,37.43292735403186,903.556648319474
1,70.22144778574805,7.464357727206448,4.856504108923777,0.2522482471275821,495.02973143681913,17.945247815698128,26.317638503434587,2.1358641387793496,1.5369816558974523,0.051940293155333384,124.87038203097535,472.27654486809246
1,52.88399095447024,2.9021038049012398,3.325498014685034,1.937821115032204,356.31147137965036,20.667411125385343,68.14450863840017,1.361515844845846,0.8726824650280554,0.5827160643232979,690.4678927676792,1408.3705759671893
1,84.89194151960947,1.0641185286099777,2.836014719900898,0.12476244381865041,425.43042591036595,21.542670160789434,38.65445241795335,0.7247032726225902,0.37521615143350256,0.04399217075396919,53.07773961138655,832.7201186858987
3,55.65046844043028,0.14601248189290436,0.6802921562317787,0.5220074358006048,307.56371698153544,35.16186411248563,22.89754690004377,0.13628850993733868,0.2146320232496657,0.7673283177217091,160.55054724683424,805.1204326086057
1,51.82833416565931,9.97822834047668,3.181822013501588,0.3600435426823615,389.83549056581575,32.65844314813408,49.80698035080138,2.3959140697361865,3.1360108447724455,0.11315640571803523,140.35775108663262,1626.6184361668784
3,67.766532117611,1.7955652033550316,4.158868567718411,1.3150768335480663,192.17806001681862,17.60000754585354,43.952524362544104,1.0280343056107046,0.43174367598255053,0.3162102413516588,252.72891464432806,773.5647604400878
1,76.16118463606188,8.777035212817761,4.3884460110400845,1.6537844258528644,245.44396207293892,33.84122577923525,45.98942730173643,2.2800362901144466,2.000032629030238,0.37684966881042,405.9114018958475,1556.3385927757884
3,81.07746488637756,6.495827593896832,1.2759159150295285,1.7451456554430198,272.07904990098064,20.169826280725722,26.588282482557172,2.0143465449246687,5.091109466838573,1.3677591406190994,474.81757187176095,536.281038776041
3,68.99921405097686,3.619131011846661,4.458893237782959,1.3750589171606205,149.80098972803324,29.198344398082927,68.77257259426784,1.5302065947281192,0.811665769698078,0.30838570107687174,205.98518672501862,2008.0452597495919
1,49.43992327797328,3.404919365048792,3.8578676602697217,1.30603508371223,187.70929183257692,37.34878783956604,74.19165702405662,1.4827219538968281,0.8825910230447713,0.33853807302993877,245.15492067212304,2770.968457657341
1,70.43160406521449,2.494416869103389,2.253954584011937,0.5735309936624997,476.6745774335899,20.706901679784487,24.365996075351084,1.2511665145845159,1.1066846185797765,0.254455434785931,273.38764404913894,504.5442850623096
1,62.01729219916129,6.69402516820324,0.9202773153221795,1.3967495869839288,240.24263166062397,23.508396657915277,57.81254556915028,2.040444075471522,7.273921737231707,1.5177485783129854,335.5587965479087,1359.080253043387
1,46.45285222522749,8.453068665535536,2.991209787186903,0.14205400632083973,180.70287915116197,36.91808834811941,68.20332156081243,2.2463394153051057,2.8259698472988966,0.04749048593292919,25.6695679371331,2517.9362510172705
1,81.29643904269858,1.6020544988565182,2.2016946584924924,1.5818428332916503,190.17365112389592,31.977934930156156,72.62460608473893,0.9563013248581026,0.7276460851085728,0.7184660357829743,300.82482711124135,2322.3849277060044
1,70.81715547652263,6.78695223468694,1.0657910561763515,1.006015400178853,106.9785145018349,25.507193413018534,79.19074375890114,2.0524495425946494,6.367995110632581,0.9439142825874797,107.62203307710267,2019.9336175790816
1,88.65662290714948,2.0222265319125383,2.3021601595281806,1.7903603049118448,419.30383464292504,21.601533731767493,33.453029935091884,1.1059938219651877,0.8784039301275139,0.7776871202908718,750.7049412420131,722.6367545727151
1,77.4550040986827,7.031159817348166,3.819373548647625,0.4529103910812706,422.98397663651,39.13918844184424,24.72972748428969,2.083328953064126,1.8409196502493923,0.11858237622283332,191.5738382795528,967.9014641230689
1,60.203702442401706,6.751748955905431,2.685981161260616,0.9797138640544099,178.0654454701051,34.149840683932965,73.83606873428414,2.047918489634954,2.513699296660972,0.364750832278585,174.45318563608646,2521.4899840037274
1,65.86687170618039,8.201750021777178,3.313607824091193,1.2258058799881084,498.5617685987854,18.2415773970706,61.70990731849004,2.219393685723899,2.47517221626148,0.36993088653280937,611.1399474856619,1125.6860505162895
3,53.994939515944736,1.284829989521364,3.1277475112255564,0.7566718646450168,361.86173794078815,36.29829096940894,28.087787777021553,0.8262916187428505,0.4107844334972948,0.24192229773321036,273.8105959913426,1019.5386934173362
1,44.561640640274625,6.525409139880258,3.217152293554766,0.784219883937282,362.6011854448477,36.153292869235194,51.54885163945074,2.018285179905111,2.0283183836069076,0.243762126371321,284.35905956507935,1863.6607303938174
1,81.67075261719597,9.57678964300781,1.2480928017395787,1.3510524929547973,383.8270805560136,38.52483823273258,31.85793605296875,2.3586619439953416,7.673139072398929,1.0824936183204603,518.570534048764,1227.3218328693602
1,51.58878805162582,7.291320973927348,4.991918029697987,1.2092645767752352,418.4988438838869,17.85814755898742,76.57297177964568,2.115209301920777,1.4606251405871895,0.2422444778902742,506.0758273301737,1367.451429071092
3,42.62699578758772,6.319123066930162,0.5418162877788453,1.2207125621258796,293.4260844105598,38.97712109969895,51.113071954035895,1.9904905211969703,11.662851799518911,2.2530008596274267,358.18890729537907,1992.240395330083
1,52.300660263219584,1.4863628550756183,2.9263143983477837,1.863431320777792,318.3467510304823,21.074877562738706,42.18819869193114,0.9108209418403856,0.5079299940959278,0.6367843871560409,593.2173067380505,889.111122024942
1,86.7609495072348,6.533455771391458,2.5564737866358795,1.9300246128233267,339.5985476882777,37.489305947057545,32.069435151404065,2.019353870317629,2.555651384162627,0.7549557609049803,655.4335555174322,1202.2608659403088
1,52.80706703066532,2.8496289512508497,4.60337532289605,0.8119575187673751,104.79082869973024,35.550370526990086,41.379298860891595,1.3479767673567185,0.6190303313044019,0.17638308019963075,85.08570126061001,1471.049406651755
1,70.32227950424907,0.1599543872161849,4.021012494254338,1.1936847476629948,259.33325208894195,31.79454609149485,63.974877623237205,0.14838068297981027,0.03977962949499541,0.2968617355376692,309.5621475804125,2034.052195289758
3,55.000767917670196,2.996423373902395,4.861431275290886,0.1612442600086778,326.49000289481853,30.076075450905407,37.24339750234162,1.385399804599087,0.6163664987165951,0.03316806324677082,52.64463891700609,1120.1352333284885
3,72.07262079569422,2.3077094948011596,4.169488594876993,1.1608748793091865,393.23685970912993,36.904885850122426,57.36401685353731,1.1962559543212021,0.5534754304488608,0.2784214065810232,456.49879205475975,2117.0124938842932
1,51.07337905704726,8.020128006590658,4.073718840950743,0.7623911706129034,261.5692422802731,31.5145889142668,41.04383004962777,2.199458525391868,1.9687485365874893,0.18714869640708268,199.41808081838755,1293.47943148105
3,70.95670828701597,7.679544367199874,4.811372802306627,1.0138718910873719,193.09456486526378,38.33847063959162,50.03839307600528,2.160969035036413,1.5961233275289357,0.2107240350615338,195.77315163863818,1918.395463796773
1,43.95441476101057,8.74922402702087,3.4142883435569384,1.341077794297406,298.99881845663737,15.842594202477606,20.355112305707546,2.2771876948703262,2.562532260502082,0.39278398874194015,400.9806759533577,322.47778420518296
3,66.97697089061718,4.23281275350204,3.3971549094288105,1.7818017540199518,162.22055800585005,39.26904468656106,61.42626036799807,1.6549489448851875,1.2459875591053737,0.5244982350008701,289.04487479291896,2412.150563319251
1,51.24543441581217,6.157674458884652,2.002202457916753,1.576358041485921,130.95507531649776,23.210327864385782,76.04476433214577,1.9681851319696695,3.0754504543419525,0.7873120099583168,206.43208604855568,1765.023912519053
1,73.84104615682074,9.186992555448757,4.897230522694512,1.2697572080485515,474.1808018709042,16.161946284723424,48.6390929700482,2.321111666818299,1.8759567295994817,0.259280669383298,602.0944910938226,786.1024079195878
1,79.61629976873425,5.968119147982876,2.7402879643736715,1.0709331620154223,322.97564131360167,30.669734265155647,62.96486695556058,1.9413453387126893,2.177916783043992,0.3908104461788555,345.8853248059343,1931.115737567923
1,40.65845201111358,3.770821674566454,3.6301450097133845,1.5262973109353906,351.9015004179207,27.912133701874524,39.75963662888206,1.5625185488843663,1.0387523541006358,0.42045078277903236,537.1063138020016,1109.7762935233038
1,74.22146254504788,7.192406145291633,2.183387751577276,1.7950514318143205,278.3587546662527,35.62131919898381,78.65147021397536,2.1032076453508597,3.294149717610099,0.8221404697894719,499.6682811217081,2801.669125961384
1,67.92980973951143,7.092422413172373,2.3560074131058264,1.4834157748905914,385.71968528085733,18.741267299430547,51.8896986334939,2.0909281192742943,3.0103565777081864,0.6296312000712537,572.182665831458,972.4787121772051
3,43.869756141183814,4.333333491265781,1.797080531128374,0.9874585492872543,225.05540754687968,17.45172999009511,40.93940811897963,1.673976463184005,2.411318478056691,0.5494792983301845,222.2328862454936,714.46349644674
1,87.3102988813699,9.780332247141102,4.410459554936361,1.9825872990334559,444.36000381317945,24.965148905028798,65.96291025877461,2.3777233857054485,2.217531330991249,0.4495194376772973,880.9824997584676,1646.7738768193599
1,42.09841428664586,0.13929703583398734,3.912631942001371,1.1234132859808648,405.16370480218956,19.935610412905742,58.36609841274733,0.13041143697536173,0.03560187564249521,0.2871247034307607,455.16628897200883,1163.563799277847
1,54.474061895114524,7.522810711026335,3.4946701044569775,0.7714967433599517,446.24538858722065,16.926162187490437,63.04455205324836,2.1427461820979836,2.1526526070177585,0.22076382614084583,344.27686403443687,1067.102313090965
1,84.42552549278608,7.888189642126125,0.7445208448664415,0.5185807108513191,123.19637830017882,16.43743354185627,20.25187124904604,2.1847233889825772,10.594988302229705,0.6965294718435271,63.88726543321475,332.888787754424
1,40.28067521032491,3.4990646796140026,4.92800341542347,0.6953083681814494,270.3556648918683,39.59390552072394,38.343066840193714,1.5038695261980162,0.7100369834693637,0.14109332108117068,187.9805561845757,1518.1517658454331
1,54.011972428325784,2.2832940352789097,3.916209298068083,1.2650577210754232,213.76850561455115,22.712789835875405,46.52529094472966,1.1888471974936734,0.5830367739551837,0.3230311826539743,270.4294985504429,1056.7191552806019
1,88.1467382798171,5.838422775657568,1.7017316605562052,0.10631672702036787,273.24772730561455,34.62858711617747,42.07410844623767,1.9225571166907203,3.4308715709909867,0.06247561203957304,29.050804032886944,1456.9669296660395
1,76.12928202239573,6.91877320741619,2.5053724356009575,1.8083399611933348,351.0237813321977,15.749782736067624,32.338840456942414,2.0692362957748807,2.7615747300087943,0.7217848873473268,634.7703311122041,509.3297111331969
1,41.96307954389609,6.8941124067328285,1.343358915843759,1.8182442861544144,136.1924791747013,39.78491577755119,56.64575632530669,2.066117216654454,5.131995869028539,1.3535059504275382,247.6311970766047,2253.6466445580145
1,68.4931737751906,2.2290657490188646,1.7938533623270287,0.2401958459504242,297.02900115213345,16.6824467752591,49.63803545690966,1.1721928536062656,1.2426131342905689,0.13389937605537416,71.34513220354621,828.0838845383194
3,74.17372595835735,3.397811206367885,4.376146599993489,1.8952751518624016,284.1146024221881,35.707511957143794,67.69185624229613,1.4811069640551666,0.7764390723046025,0.4330922441824096,538.4753462520384,2417.107766173048
1,80.22930208094607,2.7335102234199558,1.1083019201314326,0.3148663369145856,246.9979810454763,38.04153536428896,60.744179764138515,1.3173488697836846,2.4663949179983296,0.28409798015801135,77.77134951708737,2310.8018626722014
1,68.84440279271857,6.603350954147969,2.0664390323318975,1.229787823251216,315.6387395750943,27.189927598027662,37.54327434370427,2.0285890651372904,3.1955217893345442,0.595124174490378,388.16867847581267,1020.7989111982085
1,49.48431844744695,4.0567778925407465,0.7237301764160551,1.3361556468352864,289.32058296135347,30.849635294938544,28.497383773348652,1.6207295003385096,5.605373417797909,1.8462069019313112,386.5773306694894,879.1338962677055
1,66.67932415876743,7.5808845298111125,2.920473803543657,0.4034112004318051,449.42125527021176,25.9442728123493,45.75886389924363,2.1495370002388277,2.5957721382785857,0.1381321071746346,181.30156808812484,1187.1804485851383
1,87.03482560044887,8.337457641489562,3.088213236171356,1.3937975297038177,151.22116976088364,19.78192788096521,23.618899135507476,2.234034014061986,2.6997674719592912,0.45132813802449484,210.77169285164126,467.22735932640046
1,56.880206388701964,3.356760889393963,2.147615552934726,1.829683671796929,130.05800782781338,28.358500471086188,45.74985338387533,1.4717288659860213,1.563017591676003,0.851960523985151,237.96501330898732,1297.3972387387528
1,66.66077281571242,0.476844004507779,2.183063554155318,1.9171211090722682,107.59686775678699,15.12923186546367,48.73343070584974,0.3899073815244317,0.21842882384259396,0.8781792474264684,206.27622644659365,737.2993727483075
1,65.32633797408616,1.4962745081294284,2.902296398403171,0.3130075385636254,118.45796304771885,39.57894361061771,65.58234756494225,0.9147994236784314,0.5155484839359175,0.10784823312182745,37.07823543682737,2595.6800361247815
1,53.199141128121,2.353603189614677,3.956853892364934,0.9442172512877608,367.2660738562371,17.17425155785236,36.683178796632745,1.2100353468057836,0.5948168048752426,0.23862828322008642,346.7789627477839,630.0061405950466
3,81.49948618849905,1.1589674406816524,3.296873023463281,0.27296182103572864,301.1997338343202,18.562878067955204,29.149976861214956,0.7696300706786363,0.35153535863634405,0.08279415649104654,82.21602784289281,541.1074661584488
1,64.94149672192279,6.420285017074564,2.4877299920704656,0.18745356375251326,120.2059738197188,29.40178158009548,65.84632445580328,2.004217468446225,2.5807804856390972,0.0753512496734025,22.5330381768476,1935.9992495016277
1,44.28218764652818,8.472117283312892,3.8256641626994266,0.15438000665742896,106.48683221034432,16.524314535919896,33.0526544425642,2.2483524601715055,2.214548094920826,0.04035377913269232,16.439437865561477,546.1724582560008
1,83.24009496393873,4.585888819873515,4.727100522714574,1.6547375730936151,291.7318209889093,22.95152965570105,73.97370324220333,1.7202435639725144,0.9701272054269818,0.3500533921676303,482.7396054573688,1697.8096437054587
1,62.905211879103426,2.182984878564139,1.6663441597649271,1.3297007910768226,135.5301702024049,35.15765456738394,76.9614934994423,1.1578193976019415,1.3100444261598967,0.7979748860910011,180.21457453291418,2705.785603443357
3,70.20168310944094,4.966779600294728,4.4112071879771255,1.4950222008578022,367.19621193419,25.986199647491294,61.895112724607586,1.7862073514231758,1.1259456626367113,0.3389145277357475,548.9664889125007,1608.4187564656315
1,45.27569313751869,5.55780452812554,1.5661287502744246,0.8998339011454448,428.17327720873266,32.33156793909527,53.721732088665895,1.8806558713490047,3.5487532727763758,0.5745593400209092,385.28483039696386,1736.907830830576
1,44.20492532178126,8.041866854747584,2.8582506296115238,1.2278955347156386,251.9485439884087,36.90095030199609,41.15266999431516,2.2018656635646585,2.813562523675744,0.42959687369421723,309.36649214147366,1518.5726302546695
3,42.46675675023825,1.4983190899643957,4.085857221513454,1.9540275780936514,250.40691520860787,33.710988340373945,48.838148582943816,0.9156181417218591,0.3667086265460346,0.4782417671878056,489.30201806297833,1646.3822574450692
1,66.68422982941708,8.669556899710733,1.692338374454856,1.2671859271832786,241.16621834368055,26.640566685286846,44.01349501943552,2.2689824862551218,5.122827107494629,0.748778108628229,305.60243799712185,1172.5444491178123
3,65.84319708802602,6.327781261428262,1.2070566459518681,1.8994090035669202,105.3125745397816,39.01531512217035,57.87039153148558,1.9916727772303933,5.242323367879941,1.5735872959541783,200.03165226967357,2257.8315618442884
1,87.11069405693911,9.421124662056435,0.6932782706094675,1.503031312855319,290.91534153996,30.669062161152617,21.883330283344826,2.3438349635197233,13.589239792232686,2.1680058016732446,437.25486772455963,671.141216752936
1,50.93157732932592,3.3473067149479068,4.087760701820352,0.8330115143750434,176.06394159795352,24.789757881034195,22.972184747143082,1.4695565073615764,0.818860730633594,0.20378186864120706,146.66329061735047,569.4748978800637
3,65.40869433000458,4.548975285990592,1.2643995599613802,1.0933920438998082,367.77470423150913,27.211030993986675,67.06776849423218,1.7136132775566955,3.5977355814087244,0.8647519965391357,402.1219355543372,1824.983127194075
1,77.6983103034258,7.430310414835266,3.5198725972281197,1.2446741292491224,419.50941343174264,37.10027395266715,77.01929283341663,2.1318335939734627,2.110960044601215,0.35361340357298626,522.1525138749644,2857.4368637604507
1,74.58208277315556,2.8504605184907224,1.4030474533245068,1.6789748661172368,148.29896954182874,33.27521394375052,70.37231512473463,1.3481927563387617,2.0316208918925622,1.1966629226537726,248.99024253181608,2341.6538414925753
1,71.76843327905192,9.389681441028914,2.9990152302848094,1.0528454866606418,283.83314807697127,28.764929466096127,61.13937784752019,2.3408131444898927,3.1309215592537014,0.35106373453150336,298.8324489175208,1758.6698913849182
1,82.66820186787228,8.252466077606265,4.012155703459101,0.560185897343609,200.72963385196482,20.38974603801727,48.82536608535729,2.224890118976534,2.056865856549724,0.1396221729033701,112.44591006281699,995.5368146936567
3,88.18198503684046,2.634779211994451,0.7228547626554761,1.6219952117869845,325.6318872236568,39.129125113429005,57.93968398018118,1.2905483696619353,3.644963481066843,2.2438742823363715,528.1733618819306,2267.1291434930476
3,68.25533670875757,5.167761447243631,1.5486432190644004,1.9119982191053688,130.95848859923484,35.200623285832386,49.481138594718686,1.819335959644685,3.3369606269710657,1.234627960506285,250.39239697846776,1741.7669194267542
3,47.552951212590735,8.237714523918061,1.5749891172479862,1.4003297993992778,196.73030528573676,22.97434447615109,31.430529427636856,2.223294509162238,5.2303310757549895,0.889104428763359,275.4873089365344,722.095810138333
1,48.753532812197946,4.952858852103711,4.253187434957509,0.7940600416784642,271.78598650163025,30.638722593784838,60.57250352642987,1.7838715835094605,1.1645051923636167,0.18669763649539167,215.81439176910703,1855.8641323573386
1,75.46141724187446,2.346702637688953,3.293858019388294,0.4865397324583678,174.2211378094726,39.43407902477949,30.080167254349597,1.2079755738511428,0.7124480241333419,0.14771120357784082,84.76550577841323,1186.1836925866064
1,44.440344313798576,9.880349904377686,2.3326406818785665,1.8943775979620374,324.71774524170485,25.224350586308418,32.115155764578176,2.3869584012394958,4.235693041424904,0.8121171909067544,615.1380222466296,810.0839481396237
3,85.50551284569711,8.880313785826722,2.935845187878553,1.3419481937117588,144.78479725565057,39.57298969689452,52.065171195953035,2.2905442709545087,3.024789529942365,0.4570909253840639,194.2936971541435,2060.3744833044984
1,52.375992131239876,5.471671640294851,2.7171580534796584,0.41546239262292095,456.74722232742613,24.303209539222706,22.62805493261539,1.8674344430387668,2.0137480163465997,0.15290328514046864,189.76129381202568,549.9343604923938
1,65.19941557841236,6.589770808976419,3.2571414294848684,0.8030447409230388,387.5372774272428,25.320697969223552,36.18577935393605,2.026801394505822,2.0231761351605235,0.24654893203395345,311.20977254958,916.24918980198
1,65.16428471427758,8.843290064113809,3.171629861592764,0.1703639393671086,200.25314538604673,26.695755036830803,33.39260837409583,2.286790011288742,2.788247825259404,0.053714949978921366,34.11591471862125,891.4408931956872
1,71.60035767812211,5.0647396510186145,4.377482118874875,0.35466366309579456,344.0025739649775,26.345033514673162,71.10363285615203,1.8024916150144017,1.1569983642378379,0.08102001412331347,122.00521299680092,1873.2275906103412
1,41.300192403646186,6.702504963145329,1.2389399217771182,0.15037420867039786,251.69085815795017,21.266213047384955,32.623505704950176,2.0415455958436004,5.409870846304919,0.12137328536052272,37.847813625075105,693.778422674049
3,57.38460410205204,7.485566048323998,1.4676191551901885,0.9296753695724074,496.94879779363674,32.737320043296535,62.73414062405953,2.138366608107973,5.100482657133175,0.6334581872174672,462.0010572473628,2053.7476392510075
3,76.42004450169155,4.6236216339981775,1.810296932072931,1.3378914693692299,188.92714581057407,36.883669230302885,68.22421271609527,1.726975875217812,2.5540680935164435,0.7390453166361167,252.7640167122437,2516.359295318282
3,67.0705822675301,3.61433860460439,4.34336043168854,1.4701104053568363,379.8343019470132,30.2625065864623,25.795762822788237,1.529168543405771,0.8321525835697839,0.3384730391314338,558.3983596037546,780.6444423274484
1,45.09103109829249,7.642366758444132,3.413966888720771,1.9050603717317809,396.2318634887011,15.105843683500453,79.28752429311538,2.1566764756793675,2.2385591329820316,0.558019580689494,754.8456211497612,1197.7049480235457
1,56.23337870102928,7.354526068576722,1.3745513288251163,0.8949608676145978,313.1659762806463,22.345957332215175,50.12424459903299,2.122803436150828,5.350492131030806,0.6510930867743997,280.2712938394998,1120.074231119508
1,68.4898141233387,2.478535743288966,4.118411698124841,0.11013972795455271,274.8693838105084,28.377627407288934,56.25007109146072,1.2466114418179044,0.6018183525502007,0.02674325347431889,30.27403915592493,1596.2435590669866
1,52.9169153648483,5.101615892513075,2.1667024105237243,0.803242897467814,430.01935627495686,39.434947747097446,71.805124111601,1.808553636511326,2.354553106940024,0.3707213752873696,345.40999370154054,2831.6313173148324
1,89.6631610367388,7.578910942324275,2.3267115139423655,0.5982233259260467,414.88123704879365,29.40521395541394,64.68047299489984,2.1493069756445666,3.257348793311559,0.2571110867597078,248.1916334916419,1901.9431471524035
1,61.04255428244449,5.2830846210432005,2.582489122824059,1.4119446620432354,384.42277847914033,28.934084615371596,46.10446481202053,1.837861041584642,2.045733542244673,0.5467378931297163,542.7836900414513,1333.9904860174242
1,48.05244395970018,5.452312875730671,4.740271673573987,1.458494020524098,254.7520841118533,23.546951698160967,65.47569714183882,1.8644386519159075,1.1502110535406997,0.30768152565071194,371.5543913931901,1541.7530780022948
1,75.87048756962562,6.390397973207082,1.5706145664559203,1.5118534309187583,113.61516728783681,33.17167870052292,30.79185909071385,2.000181586447452,4.068724504209181,0.9625871701484623,171.76948046852476,1021.4176563489356
1,82.52351669724683,7.437991098104262,1.7736053869151807,0.30342246485995195,104.93659423044015,26.42702960995196,53.14203455129622,2.1327442587246126,4.193712509545941,0.17107664822088328,31.840120075408763,1404.3861206201952
1,68.7093414083657,6.643554822476442,1.5761929877580265,1.8551327197203404,262.7832084642051,20.341485325749147,56.330751918128946,2.033862785864242,4.214937430933644,1.176970544932494,487.49772821503797,1145.8511635310356
1,87.4301351085601,1.5167681332528813,4.925906220471007,0.8282222898825619,184.65613949878073,31.330307270335638,29.988067344584586,0.9229755916289081,0.3079165670977492,0.1681360246852951,152.93633069655397,939.5353643493531
3,75.26451208806013,9.398576677031356,4.994003874510047,0.5215981596901833,160.35390198071718,20.753019560660675,23.169425087909257,2.3416689388036653,1.8819722437547035,0.1044448848653239,83.64030017228212,480.835532058643
1,70.9776529718579,4.2710362658118495,2.2557896069128573,0.6923354055021312,214.50793430739319,16.854670167435156,79.9553161748649,1.662226978102076,1.8933664082515842,0.30691488398584355,148.5114376821336,1347.620482260341
1,59.854406549779995,6.314785317220376,4.212606715542573,0.3379114647387814,110.75650293660178,39.73899458403452,58.37048676572283,1.9898976857461856,1.499020854218775,0.08021433937615022,37.42589213665225,2319.584457450518
1,67.24681630273076,0.1339772483114053,1.6858417275403716,0.8042489701947574,493.83710665852914,39.127655304616766,21.558216479449094,0.12573114188683565,0.07947202048846955,0.477060780413918,397.16798447408064,843.5224633901929
3,58.84383884896802,8.312945340124203,3.0482811901341975,1.3626210857293581,223.76942652081937,32.377177031815044,20.51578951307668,2.231405404320558,2.7270926865373055,0.44701292326295206,304.9129389188347,664.2433490123382
1,44.462207494448414,0.4544994147087139,3.72567359923702,1.026681601322511,427.08692837578377,17.42213641651038,44.960312200455995,0.3746617965527041,0.12199120577867872,0.2755693900648637,438.4822915287623,783.3046924852404
1,53.20227792312639,1.6173905178034618,4.527405291587838,0.38194916621065733,252.8867553829317,15.672649525833032,28.770381766394724,0.9621778358785975,0.35724447307791507,0.0843638114132038,96.58988536422923,450.90811014912157
1,77.07433330963786,3.01181819645746,3.152253154014323,1.4085941534454176,260.46468147045834,23.74180266319229,65.87980382918654,1.3892445541321237,0.9554493402986932,0.4468531189037292,366.8890274983106,1564.1053020023667
1,67.82912840861113,6.029423226451447,3.4714118559387326,1.8411134488833965,423.9575234040482,17.07560490846809,45.61282689956299,1.9501046578552301,1.7368792516326135,0.5303644526458893,780.5538980944904,778.8666108952831
1,51.57549571432703,1.3982587688518975,3.7886162150910607,0.40940430790253823,289.02906508298395,17.3102322836193,21.60914394505962,0.8747429610636178,0.36906846443887953,0.10806169974983809,118.32974435401673,374.0593011391476
1,44.2559518847455,3.0384206522480324,1.8464127069490426,1.2108022650543036,188.56335189946316,31.854013351609435,27.050081886575622,1.395853687879542,1.6455804494915052,0.6557592787882169,228.3129335861017,861.6536695771084
1,89.72157381675838,7.062403862755656,1.9929545730046714,0.5016642557582875,335.9605846912512,16.16157442756309,28.00064260091001,2.087211758051501,3.54368531948425,0.25171886130949545,168.53941668325567,452.5344694142008
1,89.49288425266974,5.751673956701218,3.99681271992544,1.5909107894125085,269.385679924908,35.45360647091616,40.09116992376538,1.909790467724478,1.4390651651069892,0.3980448674718456,428.5685847057607,1421.3765614358074
1,45.444931378416776,5.1990473003302045,4.233294529279088,1.9523848206127046,493.69758454881116,15.845542453350628,61.931700064014144,1.8243956190068846,1.2281326669740553,0.46119749219178174,963.8876700462563,981.3413825725139
3,48.60779449396013,2.627840987826593,2.4130738433606433,0.8952417145307877,176.63239602964921,18.067792507965002,37.16160147475233,1.2886377021376219,1.0890014804382644,0.37099640236620407,158.12868906326426,671.4281047095113
3,88.58749381410207,4.334519742315554,2.538884227411049,1.769952125269275,364.1990342702433,27.73543129607458,31.26857093048249,1.6741988605171307,1.7072537989396825,0.6971377844487736,644.6148547276347,867.2473007688319
1,69.9369802659089,5.699107215162854,4.401754050512514,1.0458420157762958,359.020942313445,38.60122713472234,57.806077638566066,1.9019742660499241,1.2947354962959106,0.23759664982974782,375.4791860149985,2231.3855326936828
1,68.03750240025131,5.2773903246973335,2.11987820354665,1.0798788709027347,317.0859938674052,38.26245480692563,65.26113997298988,1.8369543407217248,2.489478082216245,0.5094060918669995,342.414465036605,2497.051418864973
